{
    "custom_trains":{
        "my_custom_k_train_id":{
            "name":"K-Train（增强版）",
            "color":"F70AA3",
            "gangway_connection_id":"",
            "train_barrier_id":"",
            "door_animation_type":"PLUG_FAST",
            "render_door_overlay":false,
            "rider_offset":0.0,
            "texture_id":"mtr:my_custom_k_train_id/my_custom_k_train_id",
            "model":"mtr:my_custom_k_train_id/my_custom_k_train_id.bbmodel",
            "model_properties":"mtr:my_custom_k_train_id/my_custom_k_train_id.json",
			"speed_sound_base_id":"k_train",
			"door_sound_base_id":"a_train"
        }
    }
}