{"transport_mode":"TRAIN","length":24,"width":2,"door_max":13,"parts":[{"name":"roof_window_light","stage":"LIGHTS","mirror":false,"skip_rendering_if_too_far":false,"door_offset":"NONE","render_condition":"ALL","positions":[[0.0,-120.0],[0.0,-40.0],[0.0,40.0],[0.0,120.0]],"whitelisted_cars":"","blacklisted_cars":""},{"name":"roof_window_light","stage":"LIGHTS","mirror":true,"skip_rendering_if_too_far":false,"door_offset":"NONE","render_condition":"ALL","positions":[[0.0,-120.0],[0.0,-40.0],[0.0,40.0],[0.0,120.0]],"whitelisted_cars":"","blacklisted_cars":""},{"name":"window","stage":"INTERIOR","mirror":false,"skip_rendering_if_too_far":false,"door_offset":"NONE","render_condition":"ALL","positions":[[0.0,-120.0],[0.0,-40.0],[0.0,40.0],[0.0,120.0]],"whitelisted_cars":"","blacklisted_cars":""},{"name":"window","stage":"INTERIOR","mirror":true,"skip_rendering_if_too_far":false,"door_offset":"NONE","render_condition":"ALL","positions":[[0.0,-120.0],[0.0,-40.0],[0.0,40.0],[0.0,120.0]],"whitelisted_cars":"","blacklisted_cars":""},{"name":"window_handrails","stage":"INTERIOR","mirror":false,"skip_rendering_if_too_far":false,"door_offset":"NONE","render_condition":"ALL","positions":[[0.0,-120.0],[0.0,-40.0],[0.0,40.0],[0.0,120.0]],"whitelisted_cars":"","blacklisted_cars":""},{"name":"window_handrails","stage":"INTERIOR","mirror":true,"skip_rendering_if_too_far":false,"door_offset":"NONE","render_condition":"ALL","positions":[[0.0,-120.0],[0.0,-40.0],[0.0,40.0],[0.0,120.0]],"whitelisted_cars":"","blacklisted_cars":""},{"name":"roof_window","stage":"INTERIOR","mirror":false,"skip_rendering_if_too_far":false,"door_offset":"NONE","render_condition":"ALL","positions":[[0.0,-120.0],[0.0,-40.0],[0.0,40.0],[0.0,120.0]],"whitelisted_cars":"","blacklisted_cars":""},{"name":"roof_window","stage":"INTERIOR","mirror":true,"skip_rendering_if_too_far":false,"door_offset":"NONE","render_condition":"ALL","positions":[[0.0,-120.0],[0.0,-40.0],[0.0,40.0],[0.0,120.0]],"whitelisted_cars":"","blacklisted_cars":""},{"name":"side_panel","stage":"INTERIOR","mirror":false,"skip_rendering_if_too_far":false,"door_offset":"NONE","render_condition":"ALL","positions":[[0.0,-145.0],[0.0,-65.0],[0.0,15.0],[0.0,95.0],[0.0,-95.0],[0.0,-15.0],[0.0,65.0],[0.0,145.0]],"whitelisted_cars":"","blacklisted_cars":""},{"name":"side_panel","stage":"INTERIOR","mirror":true,"skip_rendering_if_too_far":false,"door_offset":"NONE","render_condition":"ALL","positions":[[0.0,-145.0],[0.0,-65.0],[0.0,15.0],[0.0,95.0],[0.0,-95.0],[0.0,-15.0],[0.0,65.0],[0.0,145.0]],"whitelisted_cars":"","blacklisted_cars":""},{"name":"window_exterior","stage":"EXTERIOR","mirror":false,"skip_rendering_if_too_far":false,"door_offset":"NONE","render_condition":"ALL","positions":[[0.0,-120.0],[0.0,-40.0],[0.0,40.0],[0.0,120.0]],"whitelisted_cars":"","blacklisted_cars":""},{"name":"window_exterior","stage":"EXTERIOR","mirror":true,"skip_rendering_if_too_far":false,"door_offset":"NONE","render_condition":"ALL","positions":[[0.0,-120.0],[0.0,-40.0],[0.0,40.0],[0.0,120.0]],"whitelisted_cars":"","blacklisted_cars":""},{"name":"roof_exterior","stage":"EXTERIOR","mirror":false,"skip_rendering_if_too_far":false,"door_offset":"NONE","render_condition":"ALL","positions":[[0.0,-120.0],[0.0,-40.0],[0.0,40.0],[0.0,120.0],[0.0,-160.0],[0.0,-80.0],[0.0,0.0],[0.0,80.0],[0.0,160.0]],"whitelisted_cars":"","blacklisted_cars":""},{"name":"roof_exterior","stage":"EXTERIOR","mirror":true,"skip_rendering_if_too_far":false,"door_offset":"NONE","render_condition":"ALL","positions":[[0.0,-120.0],[0.0,-40.0],[0.0,40.0],[0.0,120.0],[0.0,-160.0],[0.0,-80.0],[0.0,0.0],[0.0,80.0],[0.0,160.0]],"whitelisted_cars":"","blacklisted_cars":""},{"name":"roof_door_light","stage":"LIGHTS","mirror":false,"skip_rendering_if_too_far":false,"door_offset":"NONE","render_condition":"ALL","positions":[[0.0,-160.0],[0.0,-80.0],[0.0,0.0],[0.0,80.0],[0.0,160.0]],"whitelisted_cars":"","blacklisted_cars":""},{"name":"roof_door_light","stage":"LIGHTS","mirror":true,"skip_rendering_if_too_far":false,"door_offset":"NONE","render_condition":"ALL","positions":[[0.0,-160.0],[0.0,-80.0],[0.0,0.0],[0.0,80.0],[0.0,160.0]],"whitelisted_cars":"","blacklisted_cars":""},{"name":"door","stage":"INTERIOR","mirror":false,"skip_rendering_if_too_far":false,"door_offset":"NONE","render_condition":"ALL","positions":[[0.0,-160.0],[0.0,-80.0],[0.0,0.0],[0.0,80.0],[0.0,160.0]],"whitelisted_cars":"","blacklisted_cars":""},{"name":"door","stage":"INTERIOR","mirror":true,"skip_rendering_if_too_far":false,"door_offset":"NONE","render_condition":"ALL","positions":[[0.0,-160.0],[0.0,-80.0],[0.0,0.0],[0.0,80.0],[0.0,160.0]],"whitelisted_cars":"","blacklisted_cars":""},{"name":"door_left","stage":"INTERIOR","mirror":false,"skip_rendering_if_too_far":false,"door_offset":"RIGHT_POSITIVE","render_condition":"ALL","positions":[[0.0,-160.0],[0.0,-80.0],[0.0,0.0],[0.0,80.0],[0.0,160.0]],"whitelisted_cars":"","blacklisted_cars":""},{"name":"door_left","stage":"INTERIOR","mirror":true,"skip_rendering_if_too_far":false,"door_offset":"LEFT_POSITIVE","render_condition":"ALL","positions":[[0.0,-160.0],[0.0,-80.0],[0.0,0.0],[0.0,80.0],[0.0,160.0]],"whitelisted_cars":"","blacklisted_cars":""},{"name":"door_right","stage":"INTERIOR","mirror":false,"skip_rendering_if_too_far":false,"door_offset":"RIGHT_NEGATIVE","render_condition":"ALL","positions":[[0.0,-160.0],[0.0,-80.0],[0.0,0.0],[0.0,80.0],[0.0,160.0]],"whitelisted_cars":"","blacklisted_cars":""},{"name":"door_right","stage":"INTERIOR","mirror":true,"skip_rendering_if_too_far":false,"door_offset":"LEFT_NEGATIVE","render_condition":"ALL","positions":[[0.0,-160.0],[0.0,-80.0],[0.0,0.0],[0.0,80.0],[0.0,160.0]],"whitelisted_cars":"","blacklisted_cars":""},{"name":"door_handrail","stage":"INTERIOR","mirror":false,"skip_rendering_if_too_far":false,"door_offset":"NONE","render_condition":"ALL","positions":[[0.0,-160.0],[0.0,-80.0],[0.0,0.0],[0.0,80.0],[0.0,160.0]],"whitelisted_cars":"","blacklisted_cars":""},{"name":"roof_door","stage":"INTERIOR","mirror":false,"skip_rendering_if_too_far":false,"door_offset":"NONE","render_condition":"ALL","positions":[[0.0,-160.0],[0.0,-80.0],[0.0,0.0],[0.0,80.0],[0.0,160.0]],"whitelisted_cars":"","blacklisted_cars":""},{"name":"roof_door","stage":"INTERIOR","mirror":true,"skip_rendering_if_too_far":false,"door_offset":"NONE","render_condition":"ALL","positions":[[0.0,-160.0],[0.0,-80.0],[0.0,0.0],[0.0,80.0],[0.0,160.0]],"whitelisted_cars":"","blacklisted_cars":""},{"name":"door_exterior","stage":"EXTERIOR","mirror":false,"skip_rendering_if_too_far":false,"door_offset":"NONE","render_condition":"ALL","positions":[[0.0,-160.0],[0.0,-80.0],[0.0,0.0],[0.0,80.0],[0.0,160.0]],"whitelisted_cars":"","blacklisted_cars":""},{"name":"door_exterior","stage":"EXTERIOR","mirror":true,"skip_rendering_if_too_far":false,"door_offset":"NONE","render_condition":"ALL","positions":[[0.0,-160.0],[0.0,-80.0],[0.0,0.0],[0.0,80.0],[0.0,160.0]],"whitelisted_cars":"","blacklisted_cars":""},{"name":"door_left_exterior","stage":"EXTERIOR","mirror":false,"skip_rendering_if_too_far":false,"door_offset":"RIGHT_POSITIVE","render_condition":"ALL","positions":[[0.0,-160.0],[0.0,-80.0],[0.0,0.0],[0.0,80.0],[0.0,160.0]],"whitelisted_cars":"","blacklisted_cars":""},{"name":"door_left_exterior","stage":"EXTERIOR","mirror":true,"skip_rendering_if_too_far":false,"door_offset":"LEFT_POSITIVE","render_condition":"ALL","positions":[[0.0,-160.0],[0.0,-80.0],[0.0,0.0],[0.0,80.0],[0.0,160.0]],"whitelisted_cars":"","blacklisted_cars":""},{"name":"door_right_exterior","stage":"EXTERIOR","mirror":false,"skip_rendering_if_too_far":false,"door_offset":"RIGHT_NEGATIVE","render_condition":"ALL","positions":[[0.0,-160.0],[0.0,-80.0],[0.0,0.0],[0.0,80.0],[0.0,160.0]],"whitelisted_cars":"","blacklisted_cars":""},{"name":"door_right_exterior","stage":"EXTERIOR","mirror":true,"skip_rendering_if_too_far":false,"door_offset":"LEFT_NEGATIVE","render_condition":"ALL","positions":[[0.0,-160.0],[0.0,-80.0],[0.0,0.0],[0.0,80.0],[0.0,160.0]],"whitelisted_cars":"","blacklisted_cars":""},{"name":"powerndriver","stage":"EXTERIOR","mirror":false,"skip_rendering_if_too_far":false,"door_offset":"NONE","render_condition":"ALL","positions":[[0.0,-40.0]],"whitelisted_cars":"","blacklisted_cars":""},{"name":"vvvf","stage":"EXTERIOR","mirror":false,"skip_rendering_if_too_far":false,"door_offset":"NONE","render_condition":"ALL","positions":[[0.0,-80.0]],"whitelisted_cars":"","blacklisted_cars":""},{"name":"bogie","stage":"EXTERIOR","mirror":false,"skip_rendering_if_too_far":false,"door_offset":"NONE","render_condition":"ALL","positions":[[0.0,140.0],[0.0,-140.0]],"whitelisted_cars":"","blacklisted_cars":""},{"name":"door_light_exterior","stage":"EXTERIOR","mirror":false,"skip_rendering_if_too_far":false,"door_offset":"NONE","render_condition":"ALL","positions":[[0.0,-160.0],[0.0,-80.0],[0.0,0.0],[0.0,80.0],[0.0,160.0]],"whitelisted_cars":"","blacklisted_cars":""},{"name":"door_light_exterior","stage":"EXTERIOR","mirror":true,"skip_rendering_if_too_far":false,"door_offset":"NONE","render_condition":"ALL","positions":[[0.0,-160.0],[0.0,-80.0],[0.0,0.0],[0.0,80.0],[0.0,160.0]],"whitelisted_cars":"","blacklisted_cars":""},{"name":"head","stage":"INTERIOR","mirror":false,"skip_rendering_if_too_far":false,"door_offset":"NONE","render_condition":"ALL","positions":[[0.0,-184.0]],"whitelisted_cars":"1","blacklisted_cars":"%1"},{"name":"head","stage":"INTERIOR","mirror":true,"skip_rendering_if_too_far":false,"door_offset":"NONE","render_condition":"ALL","positions":[[0.0,184.0]],"whitelisted_cars":"-1","blacklisted_cars":"%1"},{"name":"roof_head","stage":"INTERIOR","mirror":false,"skip_rendering_if_too_far":false,"door_offset":"NONE","render_condition":"ALL","positions":[[0.0,-184.0]],"whitelisted_cars":"1","blacklisted_cars":"%1"},{"name":"roof_head","stage":"INTERIOR","mirror":true,"skip_rendering_if_too_far":false,"door_offset":"NONE","render_condition":"ALL","positions":[[0.0,184.0]],"whitelisted_cars":"-1","blacklisted_cars":"%1"},{"name":"head_exterior","stage":"EXTERIOR","mirror":false,"skip_rendering_if_too_far":false,"door_offset":"NONE","render_condition":"ALL","positions":[[0.0,-184.0]],"whitelisted_cars":"1","blacklisted_cars":"%1"},{"name":"head_exterior","stage":"EXTERIOR","mirror":true,"skip_rendering_if_too_far":false,"door_offset":"NONE","render_condition":"ALL","positions":[[0.0,184.0]],"whitelisted_cars":"-1","blacklisted_cars":"%1"},{"name":"roof_head_exterior","stage":"EXTERIOR","mirror":false,"skip_rendering_if_too_far":false,"door_offset":"NONE","render_condition":"ALL","positions":[[0.0,-184.0]],"whitelisted_cars":"1","blacklisted_cars":"%1"},{"name":"roof_head_exterior","stage":"EXTERIOR","mirror":true,"skip_rendering_if_too_far":false,"door_offset":"NONE","render_condition":"ALL","positions":[[0.0,184.0]],"whitelisted_cars":"-1","blacklisted_cars":"%1"},{"name":"headlights","stage":"ALWAYS_ON_LIGHTS","mirror":false,"skip_rendering_if_too_far":false,"door_offset":"NONE","render_condition":"MOVING_FORWARDS","positions":[[0.0,-184.0]],"whitelisted_cars":"1","blacklisted_cars":"%1"},{"name":"headlights","stage":"ALWAYS_ON_LIGHTS","mirror":true,"skip_rendering_if_too_far":false,"door_offset":"NONE","render_condition":"MOVING_BACKWARDS","positions":[[0.0,184.0]],"whitelisted_cars":"-1","blacklisted_cars":"%1"},{"name":"tail_lights","stage":"ALWAYS_ON_LIGHTS","mirror":false,"skip_rendering_if_too_far":false,"door_offset":"NONE","render_condition":"MOVING_BACKWARDS","positions":[[0.0,-184.0]],"whitelisted_cars":"1","blacklisted_cars":"%1"},{"name":"tail_lights","stage":"ALWAYS_ON_LIGHTS","mirror":true,"skip_rendering_if_too_far":false,"door_offset":"NONE","render_condition":"MOVING_FORWARDS","positions":[[0.0,184.0]],"whitelisted_cars":"-1","blacklisted_cars":"%1"},{"name":"roof_end_light","stage":"LIGHTS","mirror":false,"skip_rendering_if_too_far":false,"door_offset":"NONE","render_condition":"ALL","positions":[[0.0,-184.0]],"whitelisted_cars":"%1","blacklisted_cars":"1"},{"name":"roof_end_light","stage":"LIGHTS","mirror":true,"skip_rendering_if_too_far":false,"door_offset":"NONE","render_condition":"ALL","positions":[[0.0,184.0]],"whitelisted_cars":"%1","blacklisted_cars":"-1"},{"name":"end_2","stage":"INTERIOR","mirror":false,"skip_rendering_if_too_far":false,"door_offset":"NONE","render_condition":"ALL","positions":[[0.0,-184.0]],"whitelisted_cars":"%1","blacklisted_cars":"1"},{"name":"end_1","stage":"INTERIOR","mirror":true,"skip_rendering_if_too_far":false,"door_offset":"NONE","render_condition":"ALL","positions":[[0.0,184.0]],"whitelisted_cars":"%1","blacklisted_cars":"-1"},{"name":"roof_end","stage":"INTERIOR","mirror":false,"skip_rendering_if_too_far":false,"door_offset":"NONE","render_condition":"ALL","positions":[[0.0,-184.0]],"whitelisted_cars":"%1","blacklisted_cars":"1"},{"name":"roof_end","stage":"INTERIOR","mirror":true,"skip_rendering_if_too_far":false,"door_offset":"NONE","render_condition":"ALL","positions":[[0.0,184.0]],"whitelisted_cars":"%1","blacklisted_cars":"-1"},{"name":"end_exterior","stage":"EXTERIOR","mirror":false,"skip_rendering_if_too_far":false,"door_offset":"NONE","render_condition":"ALL","positions":[[0.0,-184.0]],"whitelisted_cars":"%1","blacklisted_cars":"1"},{"name":"end_exterior","stage":"EXTERIOR","mirror":true,"skip_rendering_if_too_far":false,"door_offset":"NONE","render_condition":"ALL","positions":[[0.0,184.0]],"whitelisted_cars":"%1","blacklisted_cars":"-1"},{"name":"roof_end_exterior","stage":"EXTERIOR","mirror":false,"skip_rendering_if_too_far":false,"door_offset":"NONE","render_condition":"ALL","positions":[[0.0,-184.0]],"whitelisted_cars":"%1","blacklisted_cars":"1"},{"name":"roof_end_exterior","stage":"EXTERIOR","mirror":true,"skip_rendering_if_too_far":false,"door_offset":"NONE","render_condition":"ALL","positions":[[0.0,184.0]],"whitelisted_cars":"%1","blacklisted_cars":"-1"},{"name":"door_light_exterior_on","stage":"LIGHTS","mirror":false,"skip_rendering_if_too_far":false,"door_offset":"NONE","render_condition":"DOOR_RIGHT_OPEN","positions":[[0.0,-160.0],[0.0,-80.0],[0.0,0.0],[0.0,80.0],[0.0,160.0]],"whitelisted_cars":"","blacklisted_cars":""},{"name":"door_light_exterior_on","stage":"LIGHTS","mirror":true,"skip_rendering_if_too_far":false,"door_offset":"NONE","render_condition":"DOOR_LEFT_OPEN","positions":[[0.0,-160.0],[0.0,-80.0],[0.0,0.0],[0.0,80.0],[0.0,160.0]],"whitelisted_cars":"","blacklisted_cars":""},{"name":"door_light_on","stage":"LIGHTS","mirror":false,"skip_rendering_if_too_far":false,"door_offset":"NONE","render_condition":"DOOR_RIGHT_OPEN","positions":[[0.0,-160.0],[0.0,-80.0],[0.0,0.0],[0.0,80.0],[0.0,160.0]],"whitelisted_cars":"","blacklisted_cars":""},{"name":"door_light_on","stage":"LIGHTS","mirror":true,"skip_rendering_if_too_far":false,"door_offset":"NONE","render_condition":"DOOR_LEFT_OPEN","positions":[[0.0,-160.0],[0.0,-80.0],[0.0,0.0],[0.0,80.0],[0.0,160.0]],"whitelisted_cars":"","blacklisted_cars":""},{"name":"door_light_exterior_off","stage":"EXTERIOR","mirror":false,"skip_rendering_if_too_far":false,"door_offset":"NONE","render_condition":"DOOR_RIGHT_CLOSED","positions":[[0.0,-160.0],[0.0,-80.0],[0.0,0.0],[0.0,80.0],[0.0,160.0]],"whitelisted_cars":"","blacklisted_cars":""},{"name":"door_light_exterior_off","stage":"EXTERIOR","mirror":true,"skip_rendering_if_too_far":false,"door_offset":"NONE","render_condition":"DOOR_LEFT_CLOSED","positions":[[0.0,-160.0],[0.0,-80.0],[0.0,0.0],[0.0,80.0],[0.0,160.0]],"whitelisted_cars":"","blacklisted_cars":""},{"name":"door_light_off","stage":"INTERIOR","mirror":false,"skip_rendering_if_too_far":false,"door_offset":"NONE","render_condition":"DOOR_RIGHT_CLOSED","positions":[[0.0,-160.0],[0.0,-80.0],[0.0,0.0],[0.0,80.0],[0.0,160.0]],"whitelisted_cars":"","blacklisted_cars":""},{"name":"door_light_off","stage":"INTERIOR","mirror":true,"skip_rendering_if_too_far":false,"door_offset":"NONE","render_condition":"DOOR_LEFT_CLOSED","positions":[[0.0,-160.0],[0.0,-80.0],[0.0,0.0],[0.0,80.0],[0.0,160.0]],"whitelisted_cars":"","blacklisted_cars":""},{"name":"end_light_exterior_door_close","stage":"LIGHTS","mirror":false,"skip_rendering_if_too_far":false,"door_offset":"NONE","render_condition":"DOORS_CLOSED","positions":[[0.0,-184.0]],"whitelisted_cars":"%1","blacklisted_cars":"1"},{"name":"end_light_exterior_door_close","stage":"LIGHTS","mirror":true,"skip_rendering_if_too_far":false,"door_offset":"NONE","render_condition":"DOORS_CLOSED","positions":[[0.0,-184.0]],"whitelisted_cars":"%1","blacklisted_cars":"1"},{"name":"end_exterior_door_close","stage":"EXTERIOR","mirror":false,"skip_rendering_if_too_far":false,"door_offset":"NONE","render_condition":"DOORS_CLOSED","positions":[[0.0,-184.0]],"whitelisted_cars":"%1","blacklisted_cars":"1"},{"name":"end_exterior_door_close","stage":"EXTERIOR","mirror":true,"skip_rendering_if_too_far":false,"door_offset":"NONE","render_condition":"DOORS_CLOSED","positions":[[0.0,-184.0]],"whitelisted_cars":"%1","blacklisted_cars":"1"},{"name":"end_light_exterior_door_open","stage":"LIGHTS","mirror":false,"skip_rendering_if_too_far":false,"door_offset":"NONE","render_condition":"DOORS_OPEN","positions":[[0.0,-184.0]],"whitelisted_cars":"%1","blacklisted_cars":"1"},{"name":"end_light_exterior_door_open","stage":"LIGHTS","mirror":true,"skip_rendering_if_too_far":false,"door_offset":"NONE","render_condition":"DOORS_OPEN","positions":[[0.0,-184.0]],"whitelisted_cars":"%1","blacklisted_cars":"1"},{"name":"end_exterior_door_open","stage":"EXTERIOR","mirror":false,"skip_rendering_if_too_far":false,"door_offset":"NONE","render_condition":"DOORS_OPEN","positions":[[0.0,-184.0]],"whitelisted_cars":"%1","blacklisted_cars":"1"},{"name":"end_exterior_door_open","stage":"EXTERIOR","mirror":true,"skip_rendering_if_too_far":false,"door_offset":"NONE","render_condition":"DOORS_OPEN","positions":[[0.0,-184.0]],"whitelisted_cars":"%1","blacklisted_cars":"1"},{"name":"end_light_exterior_door_close","stage":"LIGHTS","mirror":false,"skip_rendering_if_too_far":false,"door_offset":"NONE","render_condition":"DOORS_CLOSED","positions":[[0.0,184.0]],"whitelisted_cars":"1","blacklisted_cars":"%1"},{"name":"end_light_exterior_door_close","stage":"LIGHTS","mirror":true,"skip_rendering_if_too_far":false,"door_offset":"NONE","render_condition":"DOORS_CLOSED","positions":[[0.0,184.0]],"whitelisted_cars":"1","blacklisted_cars":"%1"},{"name":"end_exterior_door_close","stage":"EXTERIOR","mirror":false,"skip_rendering_if_too_far":false,"door_offset":"NONE","render_condition":"DOORS_CLOSED","positions":[[0.0,184.0]],"whitelisted_cars":"1","blacklisted_cars":"%1"},{"name":"end_exterior_door_close","stage":"EXTERIOR","mirror":true,"skip_rendering_if_too_far":false,"door_offset":"NONE","render_condition":"DOORS_CLOSED","positions":[[0.0,184.0]],"whitelisted_cars":"1","blacklisted_cars":"%1"},{"name":"end_light_exterior_door_open","stage":"LIGHTS","mirror":false,"skip_rendering_if_too_far":false,"door_offset":"NONE","render_condition":"DOORS_OPEN","positions":[[0.0,184.0]],"whitelisted_cars":"1","blacklisted_cars":"%1"},{"name":"end_light_exterior_door_open","stage":"LIGHTS","mirror":true,"skip_rendering_if_too_far":false,"door_offset":"NONE","render_condition":"DOORS_OPEN","positions":[[0.0,184.0]],"whitelisted_cars":"1","blacklisted_cars":"%1"},{"name":"end_exterior_door_open","stage":"EXTERIOR","mirror":false,"skip_rendering_if_too_far":false,"door_offset":"NONE","render_condition":"DOORS_OPEN","positions":[[0.0,184.0]],"whitelisted_cars":"1","blacklisted_cars":"%1"},{"name":"end_exterior_door_open","stage":"EXTERIOR","mirror":true,"skip_rendering_if_too_far":false,"door_offset":"NONE","render_condition":"DOORS_OPEN","positions":[[0.0,184.0]],"whitelisted_cars":"1","blacklisted_cars":"%1"},{"name":"end_light_exterior_door_open_side","stage":"LIGHTS","mirror":false,"skip_rendering_if_too_far":false,"door_offset":"NONE","render_condition":"DOOR_RIGHT_OPEN","positions":[[0.0,-184.0]],"whitelisted_cars":"%1","blacklisted_cars":"1"},{"name":"end_light_exterior_door_open_side","stage":"LIGHTS","mirror":true,"skip_rendering_if_too_far":false,"door_offset":"NONE","render_condition":"DOOR_LEFT_OPEN","positions":[[0.0,-184.0]],"whitelisted_cars":"%1","blacklisted_cars":"1"},{"name":"end_light_exterior_door_open_side","stage":"LIGHTS","mirror":false,"skip_rendering_if_too_far":false,"door_offset":"NONE","render_condition":"DOOR_RIGHT_OPEN","positions":[[0.0,184.0]],"whitelisted_cars":"1","blacklisted_cars":"%1"},{"name":"end_light_exterior_door_open_side","stage":"LIGHTS","mirror":true,"skip_rendering_if_too_far":false,"door_offset":"NONE","render_condition":"DOOR_LEFT_OPEN","positions":[[0.0,184.0]],"whitelisted_cars":"1","blacklisted_cars":"%1"}]}