{
    "custom_trains":{
        "my_custom_c_train":{
            "name":"C-Train 增强版",
            "color":"537BE2",
            "gangway_connection_id":"",
            "train_barrier_id":"",
            "door_animation_type":"STANDARD",
            "render_door_overlay":false,
            "rider_offset":0.0,
            "texture_id":"mtr:my_custom_c_train/my_custom_c_train",
            "model":"mtr:my_custom_c_train/my_custom_c_train.bbmodel",
            "model_properties":"mtr:my_custom_c_train/my_custom_c_train.json",
            "speed_sound_base_id":"c_train",
			"door_sound_base_id":"sp1900"
        },
        "my_custom_class_345_k_train_id":{
            "name":"K-Train (Class345)",
            "color":"92942D",
            "gangway_connection_id":"",
            "train_barrier_id":"",
            "door_animation_type":"PLUG_FAST",
            "render_door_overlay":false,
            "rider_offset":0.0,
            "texture_id":"mtr:my_custom_class_345_k_train_id/my_custom_class_345_k_train_id",
            "model":"mtr:my_custom_class_345_k_train_id/my_custom_class_345_k_train_id.bbmodel",
            "model_properties":"mtr:my_custom_class_345_k_train_id/my_custom_class_345_k_train_id.json",
            "speed_sound_base_id":"k_train",
			"door_sound_base_id":"a_train"
        },
        "my_custom_k_train_id":{
            "name":"K-Train 增强版",
            "color":"F70AA3",
            "gangway_connection_id":"",
            "train_barrier_id":"",
            "door_animation_type":"PLUG_FAST",
            "render_door_overlay":false,
            "rider_offset":0.0,
            "texture_id":"mtr:my_custom_k_train_id/my_custom_k_train_id",
            "model":"mtr:my_custom_k_train_id/my_custom_k_train_id.bbmodel",
            "model_properties":"mtr:my_custom_k_train_id/my_custom_k_train_id.json",
			"speed_sound_base_id":"k_train",
			"door_sound_base_id":"a_train"
        },
        "my_custom_m_train":{
            "name":"M-Train 增强版",
            "color":"537BE2",
            "gangway_connection_id":"",
            "train_barrier_id":"",
            "door_animation_type":"BOUNCY_2",
            "render_door_overlay":false,
            "rider_offset":0.0,
            "texture_id":"mtr:my_custom_m_train/my_custom_m_train",
            "model":"mtr:my_custom_m_train/my_custom_m_train.bbmodel",
            "model_properties":"mtr:my_custom_m_train/my_custom_m_train.json",
			"speed_sound_base_id":"m_train",
			"door_sound_base_id":"m_train"
        },
        "my_custom_r_train":{
            "name":"R-Train 增强版",
            "color":"537BE2",
            "gangway_connection_id":"",
            "train_barrier_id":"",
            "door_animation_type":"R211",
            "render_door_overlay":false,
            "rider_offset":0.0,
            "texture_id":"mtr:my_custom_r_train/my_custom_r_train",
            "model":"mtr:my_custom_r_train/my_custom_r_train.bbmodel",
            "model_properties":"mtr:my_custom_r_train/my_custom_r_train.json",
            "speed_sound_base_id":"r_train",
			"door_sound_base_id":"r211"
        },
        "my_custom_s_train":{
            "name":"S-Train 增强版",
            "color":"537BE2",
            "gangway_connection_id":"",
            "train_barrier_id":"",
            "door_animation_type":"R211",
            "render_door_overlay":false,
            "rider_offset":0.0,
            "texture_id":"mtr:my_custom_s_train/my_custom_s_train",
            "model":"mtr:my_custom_s_train/my_custom_s_train.bbmodel",
            "model_properties":"mtr:my_custom_s_train/my_custom_s_train.json",
            "speed_sound_base_id":"s_train",
			"door_sound_base_id":"r211"
        },
		"weavers_gzmtr_a1": {
			"base_train_type": "base_24_2",
			"name": "广州地铁 A1",
			"color": "FFF708",
			"texture_id": "mtr:gzmtr/gzmtr_a1.png",
			"speed_sound_count": 48,
			"speed_sound_base_id": "gzmtr_a1",
			"door_sound_base_id": "gzmtr_a1",
            "door_animation_type": "BOUNCY_1",
			"has_gangway_connection": true,
			"model": "mtr:gzmtr/gzmtr_a1.bbmodel",
			"model_properties": "mtr:gzmtr/gzmtr_a1.json"
		},
		"weavers_gzmtr_a1_refurbished": {
			"base_train_type": "base_24_2",
			"name": "广州地铁 A1 (翻新后)",
			"color": "FFF708",
			"texture_id": "mtr:gzmtr/gzmtr_a1_refurbished.png",
			"speed_sound_count": 46,
			"speed_sound_base_id": "gzmtr_a1_refurbished",
			"door_sound_base_id": "gzmtr_a1_refurbished",
            "door_animation_type": "STANDARD_SLOW",
			"has_gangway_connection": true,
			"model": "mtr:gzmtr/gzmtr_a1_refurbished.bbmodel",
			"model_properties": "mtr:gzmtr/gzmtr_a1_refurbished.json"
		},
		"weavers_gzmtr_a2": {
			"base_train_type": "base_24_2",
			"name": "广州地铁 A2",
			"color": "FFF708",
			"texture_id": "mtr:gzmtr/gzmtr_a2.png",
			"speed_sound_count": 44,
			"speed_sound_base_id": "gzmtr_a2",
			"door_sound_base_id": "gzmtr_a2",
            "door_animation_type": "STANDARD_SLOW",
			"has_gangway_connection": true,
			"model": "mtr:gzmtr/gzmtr_a2.bbmodel",
			"model_properties": "mtr:gzmtr/gzmtr_a2.json"
		},
		"weavers_gzmtr_a2_line_8": {
			"base_train_type": "base_24_2",
			"name": "广州地铁 A2 (8号线)",
			"color": "FFF708",
			"texture_id": "mtr:gzmtr/gzmtr_a2.png",
			"speed_sound_count": 44,
			"speed_sound_base_id": "gzmtr_a2_line_8",
			"door_sound_base_id": "gzmtr_a2_line_8",
            "door_animation_type": "STANDARD_SLOW",
			"has_gangway_connection": true,
			"model": "mtr:gzmtr/gzmtr_a2.bbmodel",
			"model_properties": "mtr:gzmtr/gzmtr_a2.json"
		},
		"weavers_gzmtr_a3": {
			"base_train_type": "base_24_2",
			"name": "广州地铁 A3",
			"color": "FFF708",
			"texture_id": "mtr:gzmtr/gzmtr_a3.png",
			"speed_sound_count": 44,
			"speed_sound_base_id": "gzmtr_a3",
			"door_sound_base_id": "gzmtr_a3",
            "door_animation_type": "STANDARD_SLOW",
			"has_gangway_connection": true,
			"model": "mtr:gzmtr/gzmtr_a3.bbmodel",
			"model_properties": "mtr:gzmtr/gzmtr_a3.json"
		},
		"weavers_gzmtr_a4": {
			"base_train_type": "base_24_2",
			"name": "广州地铁 A4",
			"color": "FFF708",
			"texture_id": "mtr:gzmtr/gzmtr_a4.png",
			"speed_sound_count": 38,
			"speed_sound_base_id": "gzmtr_a4",
			"door_sound_base_id": "gzmtr_a4",
            "door_animation_type": "PLUG_FAST",
			"has_gangway_connection": true,
			"model": "mtr:gzmtr/gzmtr_a4.bbmodel",
			"model_properties": "mtr:gzmtr/gzmtr_a4.json"
		},
		"weavers_gzmtr_a4_experiment": {
			"base_train_type": "base_24_2",
			"name": "广州地铁 A4 直角塞拉门",
			"color": "FFF708",
			"texture_id": "mtr:gzmtr/gzmtr_a4.png",
			"speed_sound_count": 38,
			"speed_sound_base_id": "gzmtr_a4",
			"door_sound_base_id": "gzmtr_a4_experiment",
            "door_animation_type": "PLUG_SLOW",
			"has_gangway_connection": true,
			"model": "mtr:gzmtr/gzmtr_a4.bbmodel",
			"model_properties": "mtr:gzmtr/gzmtr_a4.json"
		},
		"weavers_gzmtr_a5": {
			"base_train_type": "base_24_2",
			"name": "广州地铁 A5",
			"color": "FFF708",
			"texture_id": "mtr:gzmtr/gzmtr_a5.png",
			"speed_sound_count": 51,
			"speed_sound_base_id": "gzmtr_a5",
			"door_sound_base_id": "gzmtr_a5",
            "door_animation_type": "PLUG_FAST",
			"has_gangway_connection": true,
			"model": "mtr:gzmtr/gzmtr_a5.bbmodel",
			"model_properties": "mtr:gzmtr/gzmtr_a5.json"
		},
		"weavers_gzmtr_a6": {
			"base_train_type": "base_24_2",
			"name": "广州地铁 A6",
			"color": "FFF708",
			"texture_id": "mtr:gzmtr/gzmtr_a6.png",
			"speed_sound_count": 51,
			"speed_sound_base_id": "gzmtr_a6",
			"door_sound_base_id": "gzmtr_a6",
            "door_animation_type": "PLUG_FAST",
			"has_gangway_connection": true,
			"model": "mtr:gzmtr/gzmtr_a6.bbmodel",
			"model_properties": "mtr:gzmtr/gzmtr_a6.json"
		},
        "g_train":{
            "name":"G-Train",
            "color":"545DBC",
            "gangway_connection_id":"",
            "train_barrier_id":"",
            "door_animation_type":"R211",
            "render_door_overlay":false,
            "rider_offset":0.0,
            "texture_id":"mtr:g_train/g_train",
            "model":"mtr:g_train/g_train.bbmodel",
            "model_properties":"mtr:g_train/g_train.json",
            "speed_sound_base_id":"r_train",
			"door_sound_base_id":"r211"
        },
        "my_custom_b1111a":{
            "name":"B1111A",
            "color":"CEDF0D",
            "gangway_connection_id":"",
            "train_barrier_id":"",
            "door_animation_type":"STANDARD_SLOW",
            "render_door_overlay":false,
            "rider_offset":0.0,
            "texture_id":"mtr:my_custom_b1111a/my_custom_b1111a",
            "model":"mtr:my_custom_b1111a/my_custom_b1111a.bbmodel",
            "model_properties":"mtr:my_custom_b1111a/my_custom_b1111a.json",
            "speed_sound_base_id":"a_train",
			"door_sound_base_id":"sp1900"
        },
        "ktrain2":{
            "name":"K-Train 2",
            "color":"5F96D5",
            "gangway_connection_id":"",
            "train_barrier_id":"",
            "door_animation_type":"STANDARD_SLOW",
            "render_door_overlay":false,
            "rider_offset":0.0,
            "texture_id":"mtr:ktrain2/ktrain2",
            "model":"mtr:ktrain2/ktrain2.bbmodel",
            "model_properties":"mtr:ktrain2/ktrain2.json",
            "speed_sound_base_id":"s_train",
			"door_sound_base_id":"sp1900"
        },
        "ktrainrv":{
            "name":"K-Train RV",
            "color":"5F96D5",
            "gangway_connection_id":"",
            "train_barrier_id":"",
            "door_animation_type":"STANDARD",
            "render_door_overlay":false,
            "rider_offset":0.0,
            "texture_id":"mtr:ktrainrv/ktrainrv",
            "model":"mtr:ktrainrv/ktrainrv.bbmodel",
            "model_properties":"mtr:ktrainrv/ktrainrv.json",
            "speed_sound_base_id":"r_train",
			"door_sound_base_id":"sp1900"
        }
	}
}