{"door_max":14,"parts":[{"name":"roof_window_light","positions":[[0,-120],[0,-40],[0,40],[0,120]],"mirror":false,"stage":"LIGHTS","skip_rendering_if_too_far":false,"door_offset":"NONE","render_condition":"ALL","whitelisted_cars":"","blacklisted_cars":""},{"name":"roof_window_light","positions":[[0,-120],[0,-40],[0,40],[0,120]],"mirror":true,"stage":"LIGHTS","skip_rendering_if_too_far":false,"door_offset":"NONE","render_condition":"ALL","whitelisted_cars":"","blacklisted_cars":""},{"name":"window","positions":[[0,-120],[0,-40],[0,40],[0,120]],"mirror":false,"stage":"INTERIOR","skip_rendering_if_too_far":false,"door_offset":"NONE","render_condition":"ALL","whitelisted_cars":"","blacklisted_cars":""},{"name":"window","positions":[[0,-120],[0,-40],[0,40],[0,120]],"mirror":true,"stage":"INTERIOR","skip_rendering_if_too_far":false,"door_offset":"NONE","render_condition":"ALL","whitelisted_cars":"","blacklisted_cars":""},{"name":"window_handrails","positions":[[0,-120],[0,-40],[0,40],[0,120]],"mirror":false,"stage":"INTERIOR","skip_rendering_if_too_far":true,"door_offset":"NONE","render_condition":"ALL","whitelisted_cars":"","blacklisted_cars":""},{"name":"window_handrails","positions":[[0,-120],[0,-40],[0,40],[0,120]],"mirror":true,"stage":"INTERIOR","skip_rendering_if_too_far":true,"door_offset":"NONE","render_condition":"ALL","whitelisted_cars":"","blacklisted_cars":""},{"name":"roof_window","positions":[[0,-120],[0,-40],[0,40],[0,120]],"mirror":false,"stage":"INTERIOR","skip_rendering_if_too_far":true,"door_offset":"NONE","render_condition":"ALL","whitelisted_cars":"","blacklisted_cars":""},{"name":"roof_window","positions":[[0,-120],[0,-40],[0,40],[0,120]],"mirror":true,"stage":"INTERIOR","skip_rendering_if_too_far":true,"door_offset":"NONE","render_condition":"ALL","whitelisted_cars":"","blacklisted_cars":""},{"name":"side_panel","positions":[[0,-145],[0,-65],[0,15],[0,95]],"mirror":false,"stage":"INTERIOR_TRANSLUCENT","skip_rendering_if_too_far":false,"door_offset":"NONE","render_condition":"ALL","whitelisted_cars":"","blacklisted_cars":""},{"name":"side_panel","positions":[[0,-145],[0,-65],[0,15],[0,95]],"mirror":true,"stage":"INTERIOR_TRANSLUCENT","skip_rendering_if_too_far":false,"door_offset":"NONE","render_condition":"ALL","whitelisted_cars":"","blacklisted_cars":""},{"name":"side_panel","positions":[[0,-95],[0,-15],[0,65],[0,145]],"mirror":false,"stage":"INTERIOR_TRANSLUCENT","skip_rendering_if_too_far":false,"door_offset":"NONE","render_condition":"ALL","whitelisted_cars":"","blacklisted_cars":""},{"name":"side_panel","positions":[[0,-95],[0,-15],[0,65],[0,145]],"mirror":true,"stage":"INTERIOR_TRANSLUCENT","skip_rendering_if_too_far":false,"door_offset":"NONE","render_condition":"ALL","whitelisted_cars":"","blacklisted_cars":""},{"name":"window_exterior","positions":[[0,-120],[0,-40],[0,40],[0,120]],"mirror":false,"stage":"EXTERIOR","skip_rendering_if_too_far":false,"door_offset":"NONE","render_condition":"ALL","whitelisted_cars":"","blacklisted_cars":""},{"name":"window_exterior","positions":[[0,-120],[0,-40],[0,40],[0,120]],"mirror":true,"stage":"EXTERIOR","skip_rendering_if_too_far":false,"door_offset":"NONE","render_condition":"ALL","whitelisted_cars":"","blacklisted_cars":""},{"name":"roof_exterior","positions":[[0,-120],[0,-40],[0,40],[0,120]],"mirror":false,"stage":"EXTERIOR","skip_rendering_if_too_far":false,"door_offset":"NONE","render_condition":"ALL","whitelisted_cars":"","blacklisted_cars":""},{"name":"roof_exterior","positions":[[0,-120],[0,-40],[0,40],[0,120]],"mirror":true,"stage":"EXTERIOR","skip_rendering_if_too_far":false,"door_offset":"NONE","render_condition":"ALL","whitelisted_cars":"","blacklisted_cars":""},{"name":"roof_door_light","positions":[[0,-160],[0,-80],[0,0],[0,80],[0,160]],"mirror":false,"stage":"LIGHTS","skip_rendering_if_too_far":false,"door_offset":"NONE","render_condition":"ALL","whitelisted_cars":"","blacklisted_cars":""},{"name":"roof_door_light","positions":[[0,-160],[0,-80],[0,0],[0,80],[0,160]],"mirror":true,"stage":"LIGHTS","skip_rendering_if_too_far":false,"door_offset":"NONE","render_condition":"ALL","whitelisted_cars":"","blacklisted_cars":""},{"name":"door","positions":[[0,-160],[0,-80],[0,0],[0,80],[0,160]],"mirror":false,"stage":"INTERIOR","skip_rendering_if_too_far":false,"door_offset":"NONE","render_condition":"ALL","whitelisted_cars":"","blacklisted_cars":""},{"name":"door","positions":[[0,-160],[0,-80],[0,0],[0,80],[0,160]],"mirror":true,"stage":"INTERIOR","skip_rendering_if_too_far":false,"door_offset":"NONE","render_condition":"ALL","whitelisted_cars":"","blacklisted_cars":""},{"name":"door_left","positions":[[0,-160],[0,-80],[0,0],[0,80],[0,160]],"mirror":true,"stage":"INTERIOR","skip_rendering_if_too_far":false,"door_offset":"LEFT_POSITIVE","render_condition":"ALL","whitelisted_cars":"","blacklisted_cars":""},{"name":"door_left","positions":[[0,-160],[0,-80],[0,0],[0,80],[0,160]],"mirror":false,"stage":"INTERIOR","skip_rendering_if_too_far":false,"door_offset":"RIGHT_POSITIVE","render_condition":"ALL","whitelisted_cars":"","blacklisted_cars":""},{"name":"door_right","positions":[[0,-160],[0,-80],[0,0],[0,80],[0,160]],"mirror":true,"stage":"INTERIOR","skip_rendering_if_too_far":false,"door_offset":"LEFT_NEGATIVE","render_condition":"ALL","whitelisted_cars":"","blacklisted_cars":""},{"name":"door_right","positions":[[0,-160],[0,-80],[0,0],[0,80],[0,160]],"mirror":false,"stage":"INTERIOR","skip_rendering_if_too_far":false,"door_offset":"RIGHT_NEGATIVE","render_condition":"ALL","whitelisted_cars":"","blacklisted_cars":""},{"name":"door_handrail","positions":[[0,-160],[0,-80],[0,0],[0,80],[0,160]],"mirror":false,"stage":"INTERIOR","skip_rendering_if_too_far":true,"door_offset":"NONE","render_condition":"ALL","whitelisted_cars":"","blacklisted_cars":""},{"name":"roof_door","positions":[[0,-160],[0,-80],[0,0],[0,80],[0,160]],"mirror":false,"stage":"INTERIOR","skip_rendering_if_too_far":true,"door_offset":"NONE","render_condition":"ALL","whitelisted_cars":"","blacklisted_cars":""},{"name":"roof_door","positions":[[0,-160],[0,-80],[0,0],[0,80],[0,160]],"mirror":true,"stage":"INTERIOR","skip_rendering_if_too_far":true,"door_offset":"NONE","render_condition":"ALL","whitelisted_cars":"","blacklisted_cars":""},{"name":"door_exterior","positions":[[0,-160],[0,-80],[0,0],[0,80],[0,160]],"mirror":false,"stage":"EXTERIOR","skip_rendering_if_too_far":false,"door_offset":"NONE","render_condition":"ALL","whitelisted_cars":"","blacklisted_cars":""},{"name":"door_exterior","positions":[[0,-160],[0,-80],[0,0],[0,80],[0,160]],"mirror":true,"stage":"EXTERIOR","skip_rendering_if_too_far":false,"door_offset":"NONE","render_condition":"ALL","whitelisted_cars":"","blacklisted_cars":""},{"name":"door_left_exterior","positions":[[0,-160],[0,-80],[0,0],[0,80],[0,160]],"mirror":true,"stage":"EXTERIOR","skip_rendering_if_too_far":false,"door_offset":"LEFT_POSITIVE","render_condition":"ALL","whitelisted_cars":"","blacklisted_cars":""},{"name":"door_left_exterior","positions":[[0,-160],[0,-80],[0,0],[0,80],[0,160]],"mirror":false,"stage":"EXTERIOR","skip_rendering_if_too_far":false,"door_offset":"RIGHT_POSITIVE","render_condition":"ALL","whitelisted_cars":"","blacklisted_cars":""},{"name":"door_right_exterior","positions":[[0,-160],[0,-80],[0,0],[0,80],[0,160]],"mirror":true,"stage":"EXTERIOR","skip_rendering_if_too_far":false,"door_offset":"LEFT_NEGATIVE","render_condition":"ALL","whitelisted_cars":"","blacklisted_cars":""},{"name":"door_right_exterior","positions":[[0,-160],[0,-80],[0,0],[0,80],[0,160]],"mirror":false,"stage":"EXTERIOR","skip_rendering_if_too_far":false,"door_offset":"RIGHT_NEGATIVE","render_condition":"ALL","whitelisted_cars":"","blacklisted_cars":""},{"name":"roof_exterior","positions":[[0,-160],[0,-80],[0,0],[0,80],[0,160]],"mirror":false,"stage":"EXTERIOR","skip_rendering_if_too_far":false,"door_offset":"NONE","render_condition":"ALL","whitelisted_cars":"","blacklisted_cars":""},{"name":"roof_exterior","positions":[[0,-160],[0,-80],[0,0],[0,80],[0,160]],"mirror":true,"stage":"EXTERIOR","skip_rendering_if_too_far":false,"door_offset":"NONE","render_condition":"ALL","whitelisted_cars":"","blacklisted_cars":""},{"name":"head","positions":[[0,-184]],"mirror":false,"stage":"INTERIOR","skip_rendering_if_too_far":false,"door_offset":"NONE","render_condition":"ALL","whitelisted_cars":"1","blacklisted_cars":"%1"},{"name":"roof_head","positions":[[0,-184]],"mirror":false,"stage":"INTERIOR","skip_rendering_if_too_far":true,"door_offset":"NONE","render_condition":"ALL","whitelisted_cars":"1","blacklisted_cars":"%1"},{"name":"head_exterior","positions":[[0,-184]],"mirror":false,"stage":"EXTERIOR","skip_rendering_if_too_far":false,"door_offset":"NONE","render_condition":"ALL","whitelisted_cars":"1","blacklisted_cars":"%1"},{"name":"roof_head_exterior","positions":[[0,-184]],"mirror":false,"stage":"EXTERIOR","skip_rendering_if_too_far":false,"door_offset":"NONE","render_condition":"ALL","whitelisted_cars":"1","blacklisted_cars":"%1"},{"name":"head","positions":[[0,184]],"mirror":true,"stage":"INTERIOR","skip_rendering_if_too_far":false,"door_offset":"NONE","render_condition":"ALL","whitelisted_cars":"-1","blacklisted_cars":"%1"},{"name":"roof_head","positions":[[0,184]],"mirror":true,"stage":"INTERIOR","skip_rendering_if_too_far":true,"door_offset":"NONE","render_condition":"ALL","whitelisted_cars":"-1","blacklisted_cars":"%1"},{"name":"head_exterior","positions":[[0,184]],"mirror":true,"stage":"EXTERIOR","skip_rendering_if_too_far":false,"door_offset":"NONE","render_condition":"ALL","whitelisted_cars":"-1","blacklisted_cars":"%1"},{"name":"roof_head_exterior","positions":[[0,184]],"mirror":true,"stage":"EXTERIOR","skip_rendering_if_too_far":false,"door_offset":"NONE","render_condition":"ALL","whitelisted_cars":"-1","blacklisted_cars":"%1"},{"name":"headlights","positions":[[0,-184]],"mirror":false,"stage":"ALWAYS_ON_LIGHTS","skip_rendering_if_too_far":false,"door_offset":"NONE","render_condition":"MOVING_FORWARDS","whitelisted_cars":"1","blacklisted_cars":"%1"},{"name":"tail_lights","positions":[[0,-184]],"mirror":false,"stage":"ALWAYS_ON_LIGHTS","skip_rendering_if_too_far":false,"door_offset":"NONE","render_condition":"MOVING_BACKWARDS","whitelisted_cars":"1","blacklisted_cars":"%1"},{"name":"headlights","positions":[[0,184]],"mirror":true,"stage":"ALWAYS_ON_LIGHTS","skip_rendering_if_too_far":false,"door_offset":"NONE","render_condition":"MOVING_BACKWARDS","whitelisted_cars":"-1","blacklisted_cars":"%1"},{"name":"tail_lights","positions":[[0,184]],"mirror":true,"stage":"ALWAYS_ON_LIGHTS","skip_rendering_if_too_far":false,"door_offset":"NONE","render_condition":"MOVING_FORWARDS","whitelisted_cars":"-1","blacklisted_cars":"%1"},{"name":"roof_end_light","positions":[[0,-184]],"mirror":false,"stage":"LIGHTS","skip_rendering_if_too_far":false,"door_offset":"NONE","render_condition":"ALL","whitelisted_cars":"%1","blacklisted_cars":"1"},{"name":"end","positions":[[0,-184]],"mirror":false,"stage":"INTERIOR","skip_rendering_if_too_far":false,"door_offset":"NONE","render_condition":"ALL","whitelisted_cars":"%1","blacklisted_cars":"1"},{"name":"roof_end","positions":[[0,-184]],"mirror":false,"stage":"INTERIOR","skip_rendering_if_too_far":true,"door_offset":"NONE","render_condition":"ALL","whitelisted_cars":"%1","blacklisted_cars":"1"},{"name":"end_exterior","positions":[[0,-184]],"mirror":false,"stage":"EXTERIOR","skip_rendering_if_too_far":false,"door_offset":"NONE","render_condition":"ALL","whitelisted_cars":"%1","blacklisted_cars":"1"},{"name":"roof_end_exterior","positions":[[0,-184]],"mirror":false,"stage":"EXTERIOR","skip_rendering_if_too_far":false,"door_offset":"NONE","render_condition":"ALL","whitelisted_cars":"%1","blacklisted_cars":"1"},{"name":"roof_end_light","positions":[[0,184]],"mirror":true,"stage":"LIGHTS","skip_rendering_if_too_far":false,"door_offset":"NONE","render_condition":"ALL","whitelisted_cars":"%1","blacklisted_cars":"-1"},{"name":"end","positions":[[0,184]],"mirror":true,"stage":"INTERIOR","skip_rendering_if_too_far":false,"door_offset":"NONE","render_condition":"ALL","whitelisted_cars":"%1","blacklisted_cars":"-1"},{"name":"roof_end","positions":[[0,184]],"mirror":true,"stage":"INTERIOR","skip_rendering_if_too_far":true,"door_offset":"NONE","render_condition":"ALL","whitelisted_cars":"%1","blacklisted_cars":"-1"},{"name":"end_exterior","positions":[[0,184]],"mirror":true,"stage":"EXTERIOR","skip_rendering_if_too_far":false,"door_offset":"NONE","render_condition":"ALL","whitelisted_cars":"%1","blacklisted_cars":"-1"},{"name":"roof_end_exterior","positions":[[0,184]],"mirror":true,"stage":"EXTERIOR","skip_rendering_if_too_far":false,"door_offset":"NONE","render_condition":"ALL","whitelisted_cars":"%1","blacklisted_cars":"-1"},{"name":"door_light_exterior_on","positions":[[0,-160],[0,-80],[0,0],[0,80],[0,160]],"mirror":false,"stage":"LIGHTS","skip_rendering_if_too_far":false,"door_offset":"NONE","render_condition":"DOORS_OPEN","whitelisted_cars":"","blacklisted_cars":""},{"name":"door_light_exterior_on","positions":[[0,-160],[0,-80],[0,0],[0,80],[0,160]],"mirror":true,"stage":"LIGHTS","skip_rendering_if_too_far":false,"door_offset":"NONE","render_condition":"DOORS_OPEN","whitelisted_cars":"","blacklisted_cars":""},{"name":"door_light_on","positions":[[0,-160],[0,-80],[0,0],[0,80],[0,160]],"mirror":false,"stage":"LIGHTS","skip_rendering_if_too_far":false,"door_offset":"NONE","render_condition":"DOORS_OPEN","whitelisted_cars":"","blacklisted_cars":""},{"name":"door_light_on","positions":[[0,-160],[0,-80],[0,0],[0,80],[0,160]],"mirror":true,"stage":"LIGHTS","skip_rendering_if_too_far":false,"door_offset":"NONE","render_condition":"DOORS_OPEN","whitelisted_cars":"","blacklisted_cars":""},{"name":"door_light_off","positions":[[0,-160],[0,-80],[0,0],[0,80],[0,160]],"mirror":false,"stage":"INTERIOR","skip_rendering_if_too_far":true,"door_offset":"NONE","render_condition":"DOORS_CLOSED","whitelisted_cars":"","blacklisted_cars":""},{"name":"door_light_off","positions":[[0,-160],[0,-80],[0,0],[0,80],[0,160]],"mirror":true,"stage":"INTERIOR","skip_rendering_if_too_far":true,"door_offset":"NONE","render_condition":"DOORS_CLOSED","whitelisted_cars":"","blacklisted_cars":""},{"name":"door_light_exterior_off","positions":[[0,-160],[0,-80],[0,0],[0,80],[0,160]],"mirror":false,"stage":"EXTERIOR","skip_rendering_if_too_far":false,"door_offset":"NONE","render_condition":"DOORS_CLOSED","whitelisted_cars":"","blacklisted_cars":""},{"name":"door_light_exterior_off","positions":[[0,-160],[0,-80],[0,0],[0,80],[0,160]],"mirror":true,"stage":"EXTERIOR","skip_rendering_if_too_far":false,"door_offset":"NONE","render_condition":"DOORS_CLOSED","whitelisted_cars":"","blacklisted_cars":""}],"transport_mode":"TRAIN","length":24,"width":2}